,id,name,profession,age,age_group,medical_risk,registration time,deadline,address,phone,wechat,email,birthday,hospital priority
0,812550663,Finbar,5,67,6,0,2022 1 1 0 44 57,-1,Valiant,14507579284,Gresham,Prunella@zju.edu.cn,1954/6/23,3 1 2
1,879460269,Trina,6,37,4,1,2022 1 2 7 35 43,-1,Genevieve,14564365290,Elise,Timothea@zju.edu.cn,1984/2/1,1 3 2
2,781325733,Margot,2,1,1,3,2022 1 2 9 39 25,-1,Peyton,16633294582,Renee,White@zju.edu.cn,2020/5/29,3 2 1
3,721441924,Harold,5,11,1,3,2022 1 2 24 39 57,-1,Rupert,13835937701,Yvette,Karena@zju.edu.cn,2010/5/15,2 3 1
4,171912996,Farley,4,59,5,3,2022 1 3 2 2 20,-1,Eagle-Eyed,15767525328,Montague,Paxton@zju.edu.cn,1962/2/24,2 1 3
5,608578421,Melissa,7,14,2,0,2022 1 3 5 8 58,2022/1/10,Fergal,18109435403,Tilda,Doyle@zju.edu.cn,2007/9/28,1 3 2
6,169428525,Well-Born,3,21,3,0,2022 1 3 12 50 0,-1,Sunshine,13457922056,Quinby,Dirk@zju.edu.cn,2000/12/12,3 2 1
7,156982783,Angela,5,10,1,3,2022 1 3 14 18 39,-1,Questa,15123102961,Vincent,Trixie@zju.edu.cn,2011/6/16,1 3 2
8,559575346,Harmony,7,18,2,2,2022 1 3 18 18 8,-1,Jocelyn,18585276447,Megan,Lowell@zju.edu.cn,2003/12/2,2 1 3
9,167306220,Kacey,6,10,1,0,2022 1 3 20 39 31,-1,Heroine,17501928306,Veleda,Gifted@zju.edu.cn,2011/10/9,1 2 3
10,465298198,Winona,1,68,6,0,2022 1 3 22 37 0,-1,Quentin,14625492647,Constant,Whitney@zju.edu.cn,1953/10/20,1 2 3
11,569563199,Dwayne,2,44,4,1,2022 1 4 0 59 56,-1,Maureen,18116073729,Ives,Wolf@zju.edu.cn,1977/6/20,3 1 2
12,223380685,Strong,8,56,5,1,2022 1 4 2 25 14,-1,Regal,15728001018,Beatrice,Kirby@zju.edu.cn,1965/5/18,3 2 1
13,455184449,Ernest,2,15,2,3,2022 1 4 2 51 18,-1,Simona,15050181204,Shamus,Martina@zju.edu.cn,2006/1/11,2 3 1
14,132765034,Renata,4,58,5,1,2022 1 4 8 53 8,-1,Ely,18829586104,Glenn,Morris@zju.edu.cn,1963/4/7,2 1 3
15,845053427,Landry,2,6,1,1,2022 1 4 15 38 7,-1,Lars,15943786409,Praised,Healthy@zju.edu.cn,2015/8/14,1 3 2
16,829102779,Jeffrey,7,3,1,3,2022 1 4 16 38 21,2022/1/15,Judy,18443088886,Serpent,Searcher@zju.edu.cn,2018/10/20,1 3 2
17,362912201,Lulu,1,55,5,3,2022 1 4 21 13 17,-1,Julie,18912578849,Tanya,Max@zju.edu.cn,1966/7/26,2 3 1
18,750298415,Eliot,1,69,6,2,2022 1 4 24 54 10,-1,Quinn,18928216482,Andrea,Kenyon@zju.edu.cn,1952/10/26,1 3 2
19,644312930,Valiant,4,48,4,3,2022 1 5 1 41 17,-1,Noel,13823592934,Tower,Dominica@zju.edu.cn,1973/7/27,1 3 2
20,454246907,Randolph,2,75,6,2,2022 1 5 3 28 50,-1,Keene,17088869376,Darian,Solitary@zju.edu.cn,1946/4/7,3 2 1
21,646180186,Quincy,8,44,4,2,2022 1 5 3 37 44,-1,Marilyn,14627277044,Page,Seth@zju.edu.cn,1977/11/22,1 2 3
22,106646835,Lloyd,4,58,5,2,2022 1 5 8 33 34,-1,Bird,15765293015,Katrina,Royal@zju.edu.cn,1963/8/26,3 1 2
23,322220507,Daley,3,20,3,1,2022 1 5 11 40 32,-1,Gifford,15039487521,Rhoda,Harley@zju.edu.cn,2001/5/7,2 3 1
24,475993312,Tasha,4,66,6,1,2022 1 5 24 6 31,-1,Helen,15683498403,Derek,Heathcliff@zju.edu.cn,1955/2/2,3 1 2
25,399839812,John,5,41,4,3,2022 1 6 2 21 43,-1,Shirley,18778737233,Leroy,Gaiety@zju.edu.cn,1980/2/18,2 1 3
26,498495101,Joe,7,49,4,0,2022 1 6 7 16 22,-1,Philip,13431456182,Edlyn,Pamela@zju.edu.cn,1972/4/12,2 3 1
27,446421368,Dalton,1,32,3,0,2022 1 6 10 16 27,-1,Fannie,13077765528,Dwight,Joan@zju.edu.cn,1989/5/25,3 2 1
28,981312930,Tanya,8,16,2,2,2022 1 6 11 38 51,-1,Ferris,15984317276,Mavis,Felix@zju.edu.cn,2005/4/25,3 2 1
29,847401495,Geraldine,2,24,3,0,2022 1 6 14 15 7,-1,Derwin,18710187247,Daniel,Harris@zju.edu.cn,1997/10/3,2 1 3
30,835670159,Timekeeper,4,68,6,1,2022 1 6 14 36 4,2022/1/8,Laurel,18471894989,Shawn,Gresham@zju.edu.cn,1953/12/4,3 1 2
31,407588859,Graceful,4,75,6,3,2022 1 6 19 34 33,-1,Ebenezer,17096252490,Sally,Elise@zju.edu.cn,1946/2/3,3 2 1
32,493868019,Maura,6,49,4,3,2022 1 7 6 7 17,-1,Amaryllis,18226007785,Rosanne,Owner@zju.edu.cn,1972/6/9,2 1 3
33,574136401,Nora,7,37,4,2,2022 1 7 6 27 49,-1,Halden,15927676000,Wealthy,Norine@zju.edu.cn,1984/7/23,1 2 3
34,277261853,Marcia,8,47,4,3,2022 1 7 7 53 52,-1,Salt,15723342296,Helen,Daniel@zju.edu.cn,1974/6/23,3 2 1
35,545726405,Beth,3,71,6,1,2022 1 7 13 52 32,-1,Sapphire,19156707898,Roderick,Nell@zju.edu.cn,1950/5/13,3 1 2
36,412466262,Diana,7,14,2,1,2022 1 7 20 59 4,-1,Tabitha,19818653071,Eve,Jerome@zju.edu.cn,2007/3/11,3 1 2
37,107350472,Shamus,4,69,6,0,2022 1 8 6 58 28,-1,Lee,13549127193,Female,Ursula@zju.edu.cn,1952/8/22,3 2 1
38,332071251,Laura,5,32,3,3,2022 1 8 7 18 21,-1,Ethen,17554433345,Hugo,Winston@zju.edu.cn,1989/12/1,2 3 1
39,259195008,Quentin,4,27,3,3,2022 1 8 7 49 21,-1,Hamlin,18602848413,Kathleen,Dean@zju.edu.cn,1994/12/25,3 1 2
40,639385178,Dylan,1,47,4,0,2022 1 8 9 19 53,-1,Michael,13576084135,Regal,Landon@zju.edu.cn,1974/4/4,3 1 2
41,878190352,Zebediah,2,53,5,2,2022 1 8 19 37 26,-1,Bernice,17698848975,Timothy,Shabi@zju.edu.cn,1968/10/25,1 3 2
42,580883331,Princess,6,79,7,1,2022 1 8 21 0 24,-1,Erin,19894352104,a,Princess@zju.edu.cn,1942/2/15,2 3 1
43,935695257,Logan,8,52,5,1,2022 1 8 22 9 40,-1,Pearl,17693176158,Questa,Logan@zju.edu.cn,1969/10/3,3 2 1
44,645235160,Blueberry,2,64,5,1,2022 1 8 22 53 55,-1,Mighty,13476754909,Solomon,Blueberry@zju.edu.cn,1957/10/2,2 3 1
45,183860342,Helen,2,32,3,2,2022 1 9 9 59 17,-1,Blooming,15168253706,Grant,Helen@zju.edu.cn,1989/11/2,1 2 3
46,487842317,Imogene,3,67,6,1,2022 1 9 16 36 5,-1,Halbert,15294039107,Hope,Imogene@zju.edu.cn,1954/5/12,2 1 3
47,427988439,Beloved,3,56,5,1,2022 1 10 0 54 14,-1,Felicia,15261252310,Maia,Beloved@zju.edu.cn,1965/7/13,1 2 3
48,747147655,Kent,6,19,3,0,2022 1 10 1 16 47,-1,Small,17638235906,Imagine,Kent@zju.edu.cn,2002/7/31,2 3 1
49,718284316,Marlon,6,71,6,0,2022 1 10 6 21 1,-1,Farrell,18749374964,Vandal,Marlon@zju.edu.cn,1950/6/18,1 2 3
50,251719648,Quintessa,6,14,2,3,2022 1 10 20 28 50,-1,Rosa,13237126742,Sharon,Quintessa@zju.edu.cn,2007/10/3,3 2 1
51,244316587,Fleming,1,38,4,2,2022 1 10 23 50 12,-1,Trixie,15952671838,Quinlan,Fleming@zju.edu.cn,1983/4/27,3 1 2
52,825329367,Miles,5,11,1,0,2022 1 11 2 40 4,-1,Elfin,18257125077,Halbert,Miles@zju.edu.cn,2010/7/18,1 3 2
53,210922750,Laverna,8,62,5,1,2022 1 11 10 54 56,-1,Caretaker,18534745190,Thomas,Laverna@zju.edu.cn,1959/12/27,3 2 1
54,645600458,Peter,1,57,5,1,2022 1 11 13 57 14,-1,Silas,18688215257,Isaac,Peter@zju.edu.cn,1964/10/25,1 3 2
55,511465330,Raymond,5,11,1,0,2022 1 11 18 25 32,-1,Ruby,15335025484,Star,Raymond@zju.edu.cn,2010/3/10,1 2 3
56,932938795,Wyman,3,58,5,0,2022 1 11 21 31 16,-1,Guardian,13039457838,Bird,Wyman@zju.edu.cn,1963/10/13,3 1 2
57,799940031,Hannah,2,38,4,3,2022 1 12 2 31 50,-1,Constant,13336876013,Paulette,Hannah@zju.edu.cn,1983/12/2,2 1 3
58,914263317,Jessica,7,59,5,0,2022 1 12 8 27 4,-1,Respected,17089987346,Edwin,Jessica@zju.edu.cn,1962/3/23,2 3 1
59,512984601,Norman,5,62,5,0,2022 1 12 12 28 8,-1,Shannon,18576226524,Mark,Norman@zju.edu.cn,1959/9/3,2 3 1
60,789092161,Sadie,6,16,2,1,2022 1 12 12 40 9,-1,Henry,18172745201,Grace,Sadie@zju.edu.cn,2005/8/8,2 3 1
61,503547160,Wayne,7,27,3,3,2022 1 12 19 12 42,-1,Hartley,17013786751,Red-Haired,Wayne@zju.edu.cn,1994/12/11,2 1 3
62,912697112,Georgiana,2,20,3,0,2022 1 13 0 45 19,-1,Solomon,13885537845,Honor,Georgiana@zju.edu.cn,2001/10/22,1 2 3
63,198395139,Mark,6,32,3,1,2022 1 13 5 15 43,-1,Philomena,13300342185,Eldwin,Mark@zju.edu.cn,1989/3/1,2 1 3
64,315564713,Kurt,4,33,3,0,2022 1 13 11 2 49,-1,Duncan,17399556325,Pierce,Kurt@zju.edu.cn,1988/10/17,1 3 2
65,896309122,Tobias,8,59,5,1,2022 1 13 20 8 33,-1,Timothy,13032135179,Quimby,Tobias@zju.edu.cn,1962/4/10,2 1 3
66,850856533,Jade,4,46,4,1,2022 1 14 1 53 5,-1,Harvester,14723831436,Nursing,Jade@zju.edu.cn,1975/6/19,1 2 3
67,599824967,Salt,2,73,6,0,2022 1 14 8 48 5,-1,Melody,13247709643,Swift,Salt@zju.edu.cn,1948/5/15,1 2 3
68,722204360,Michelle,4,14,2,0,2022 1 14 13 39 49,-1,Sherwin,15727943868,Ezra,Michelle@zju.edu.cn,2007/7/31,1 3 2
69,548692272,Eugene,5,3,1,3,2022 1 14 17 7 56,-1,Vanessa,13558542925,Theodore,Eugene@zju.edu.cn,2018/8/9,3 1 2
70,869813864,Darcy,2,73,6,1,2022 1 14 21 29 27,-1,Vaughan,19948559006,Hazel,Darcy@zju.edu.cn,1948/7/15,2 1 3
71,368284959,Fiona,1,70,6,0,2022 1 15 0 21 20,-1,Halsey,16607905900,Dwayne,Fiona@zju.edu.cn,1951/5/4,3 2 1
72,367720081,June,4,64,5,0,2022 1 15 8 37 30,-1,Laura,15618329650,Paxton,June@zju.edu.cn,1957/10/16,2 3 1
73,726436263,Kirk,7,68,6,2,2022 1 15 9 28 41,-1,Morgan,17572018167,Archer,Kirk@zju.edu.cn,1953/5/29,2 3 1
74,572734374,Vigour,4,48,4,2,2022 1 15 12 47 33,-1,Hugo,18660028482,Melville,Vigour@zju.edu.cn,1973/9/15,2 3 1
75,685115230,Morgan,4,73,6,0,2022 1 15 18 45 47,-1,Neal,13809011913,One,Morgan@zju.edu.cn,1948/3/18,3 2 1
76,698034151,Dixon,8,29,3,1,2022 1 15 24 25 50,-1,Driscoll,14516208093,Quincy,Dixon@zju.edu.cn,1992/9/25,2 1 3
77,285994077,Ada,7,48,4,1,2022 1 16 0 47 52,-1,Paul,13582428033,Quintana,Ada@zju.edu.cn,1973/3/24,3 2 1
78,612275682,Prudent,6,15,2,0,2022 1 16 2 25 13,-1,Maisie,18173694629,Patriotic,Prudent@zju.edu.cn,2006/9/5,3 1 2
79,309803383,Guardian,5,72,6,0,2022 1 16 7 27 29,-1,Louis,18974569487,Irene,Guardian@zju.edu.cn,1949/12/14,3 2 1
80,617208567,Harley,8,11,1,2,2022 1 16 17 36 30,-1,Hanley,17666735898,Gideon,Harley@zju.edu.cn,2010/9/3,1 2 3
81,240450017,Ruler,4,76,7,0,2022 1 16 17 59 30,-1,Life,13659409233,Peaceful,Ruler@zju.edu.cn,1945/3/29,1 2 3
82,922624810,Anthea,5,24,3,1,2022 1 16 21 12 30,-1,Fourth,13609472379,Brooke,Anthea@zju.edu.cn,1998/1/1,1 2 3
83,495409706,Seaman,3,46,4,0,2022 1 17 6 42 12,-1,Alison,17261563125,Echo,Seaman@zju.edu.cn,1975/12/18,2 1 3
84,725224506,Ardent,7,61,5,0,2022 1 17 8 2 12,-1,Eve,17513135364,Mona,Ardent@zju.edu.cn,1960/11/27,2 1 3
85,725980698,Gemstone,6,11,1,0,2022 1 17 9 4 30,-1,Mary,17770855235,Zea,Gemstone@zju.edu.cn,2010/3/1,3 1 2
86,757063861,Small,2,79,7,3,2022 1 17 9 20 3,-1,Aileen,18286074481,Commander,Small@zju.edu.cn,1942/10/2,2 1 3
87,244970413,Elga,6,62,5,3,2022 1 17 11 15 47,-1,Sharp,17812348910,Jacob,Elga@zju.edu.cn,1959/3/25,2 3 1
88,289858965,Georgette,6,52,5,3,2022 1 17 20 11 22,-1,Anthea,18086328854,Travis,Georgette@zju.edu.cn,1969/7/27,3 2 1
89,150416795,Sheila,3,28,3,3,2022 1 18 3 15 45,-1,Fiona,15718024506,Nola,Sheila@zju.edu.cn,1993/12/9,2 1 3
90,339964662,Lilly,2,12,1,0,2022 1 18 5 0 50,-1,Ivar,18149398219,Talia,Lilly@zju.edu.cn,2009/6/8,2 3 1
91,661454308,Serpent,1,5,1,1,2022 1 18 5 19 15,-1,Vita,13764667599,Lucy,Serpent@zju.edu.cn,2016/1/7,3 1 2
92,207120760,Gifford,1,17,2,0,2022 1 18 8 27 16,-1,Harry,13032408447,Richard,Gifford@zju.edu.cn,2004/1/20,2 3 1
93,456952256,Dawn,1,4,1,1,2022 1 18 17 4 4,-1,Beatrice,18165356095,George,Dawn@zju.edu.cn,2017/5/29,3 2 1
94,722429335,Annette,7,28,3,1,2022 1 18 19 32 44,-1,Desired,13789893261,Joy,Annette@zju.edu.cn,1993/7/18,2 3 1
95,213120171,Ernestine,7,78,7,1,2022 1 18 21 25 10,-1,Sacha,17001917464,Bernice,Ernestine@zju.edu.cn,1943/4/6,3 1 2
96,256774740,Gifted,1,23,3,2,2022 1 19 1 5 35,-1,Lizzie,18477094552,Counsellor,Gifted@zju.edu.cn,1998/6/26,2 3 1
97,448358996,Nessia,8,29,3,2,2022 1 19 4 48 33,-1,Emma,13228366055,Ophelia,Nessia@zju.edu.cn,1992/7/29,3 2 1
98,245545649,Nell,1,4,1,3,2022 1 19 5 42 35,-1,Violet,15193555591,Ruth,Nell@zju.edu.cn,2017/10/3,3 1 2
99,457802332,Questa,4,63,5,0,2022 1 19 7 12 16,-1,Selena,18820415853,Aileen,Questa@zju.edu.cn,1958/9/25,3 2 1
100,944467479,Garth,3,64,5,0,2022 1 19 8 41 19,-1,Hanna,13318009585,Mirabelle,Garth@zju.edu.cn,1957/2/15,3 1 2
101,254601349,Wonderful,7,5,1,3,2022 1 19 10 54 29,-1,Emmanuel,15991032375,Jewel,Wonderful@zju.edu.cn,2016/10/26,3 2 1
102,153153758,Agatha,4,39,4,1,2022 1 19 16 18 32,-1,Hubert,18903249556,Damon,Agatha@zju.edu.cn,1982/3/6,3 2 1
103,517676277,Nimble,6,68,6,1,2022 1 19 18 56 25,-1,Praised,14516932847,Ulrica,Nimble@zju.edu.cn,1954/1/3,3 2 1
104,671222221,Wolf,5,22,3,1,2022 1 19 21 3 58,-1,Roberta,17200741057,Martina,Wolf@zju.edu.cn,1999/3/18,2 1 3
105,363382219,Industrious,1,35,3,2,2022 1 20 0 11 20,-1,Nigel,15598753295,Delightful,Industrious@zju.edu.cn,1986/2/17,2 1 3
106,302135902,Nigel,2,16,2,2,2022 1 20 1 5 10,-1,Jasmine,18333828227,Eda,Nigel@zju.edu.cn,2005/6/3,1 2 3
107,142723092,Lame,5,66,6,0,2022 1 20 4 16 3,-1,Nell,19837056772,Landon,Lame@zju.edu.cn,1955/5/26,1 3 2
108,923378729,Genevieve,2,54,5,3,2022 1 20 8 36 4,-1,Just,19906835251,Edric,Genevieve@zju.edu.cn,1967/5/21,3 2 1
109,161667445,Duncan,3,34,3,0,2022 1 20 12 34 50,-1,Keaton,13419791229,Lionel,Duncan@zju.edu.cn,1987/4/17,2 3 1
110,261255035,Gresham,1,11,1,0,2022 1 20 14 34 26,-1,Mercy,17621668412,Fairfax,Gresham@zju.edu.cn,2010/10/10,2 3 1
111,710997771,Pleasure,3,76,7,2,2022 1 20 19 1 44,-1,Perry,13103739622,Eileen,Pleasure@zju.edu.cn,1945/11/19,3 1 2
112,973906674,Quintana,8,47,4,0,2022 1 21 3 4 15,-1,Adelaide,19101742628,Land,Quintana@zju.edu.cn,1974/8/29,3 1 2
113,280859021,Elton,1,3,1,3,2022 1 21 6 40 19,-1,Strength,18402295348,Anthea,Elton@zju.edu.cn,2018/7/3,2 1 3
114,468400575,Brooke,8,61,5,1,2022 1 21 6 42 16,-1,Davin,17326845481,Lucinda,Brooke@zju.edu.cn,1960/11/9,3 1 2
115,444107982,Frances,6,37,4,0,2022 1 21 9 14 6,-1,Enoch,13373857727,Quentin,Frances@zju.edu.cn,1984/3/29,1 3 2
116,650017487,Olive,4,61,5,3,2022 1 21 9 21 49,-1,Perfect,19883124468,Fern,Olive@zju.edu.cn,1960/3/9,2 1 3
117,809703322,Ives,4,21,3,3,2022 1 21 14 54 18,-1,Precious,13635216226,Half-Dane,Ives@zju.edu.cn,2000/3/14,2 1 3
118,620895577,Dark-Haired,5,58,5,2,2022 1 21 16 57 44,-1,Exalted,17852504322,Walter,Dark-Haired@zju.edu.cn,1963/4/10,3 2 1
119,163012566,David,1,26,3,2,2022 1 21 23 7 41,-1,Maddox,18744441209,Ridley,David@zju.edu.cn,1995/7/15,3 1 2
120,538432131,Deborah,6,32,3,0,2022 1 22 0 8 48,-1,Delight,18513048208,April,Deborah@zju.edu.cn,1989/5/2,3 1 2
121,329301044,Glynnis,4,21,3,2,2022 1 22 1 46 6,-1,Otis,15610405396,Lulu,Glynnis@zju.edu.cn,2000/6/19,2 3 1
122,955294576,Otis,5,12,1,0,2022 1 22 3 5 13,-1,Half-Dane,13406138574,Serena,Otis@zju.edu.cn,2009/12/7,3 2 1
123,265673232,Long-Beard,5,11,1,2,2022 1 22 7 58 49,-1,Vania,15619457775,Unwin,Long-Beard@zju.edu.cn,2010/12/4,3 1 2
124,311556432,Jed,1,46,4,1,2022 1 22 21 46 15,-1,Forrest,18269146160,Trina,Jed@zju.edu.cn,1975/2/25,3 2 1
125,741495668,Eldwin,8,25,3,3,2022 1 22 22 13 47,-1,Wolf,19856569931,Landry,Eldwin@zju.edu.cn,1996/7/15,1 3 2
126,894796765,Lombard,2,64,5,1,2022 1 22 24 7 19,-1,Olga,18307361349,Warlike,Lombard@zju.edu.cn,1957/5/25,2 3 1
127,582461776,Oprah,4,22,3,3,2022 1 23 0 25 23,-1,Mavis,13695696187,Gentle,Oprah@zju.edu.cn,1999/6/9,2 1 3
128,376753590,Ula,2,41,4,0,2022 1 23 0 56 9,-1,Thunder,13057539676,Dorian,Ula@zju.edu.cn,1980/6/14,2 3 1
129,332120113,Oscar,4,59,5,2,2022 1 23 2 3 53,-1,Jasper,17528501049,Genevieve,Oscar@zju.edu.cn,1962/4/28,1 2 3
130,533996778,Unwin,2,26,3,1,2022 1 23 23 48 47,-1,Dalton,13727296256,Handmaiden,Unwin@zju.edu.cn,1995/11/6,3 2 1
131,557616277,Beatrix,3,42,4,2,2022 1 23 24 46 59,-1,Rosanne,19173686416,Keene,Beatrix@zju.edu.cn,1979/6/11,1 2 3
132,150723508,Sally,8,37,4,0,2022 1 24 12 33 19,-1,Tina,13836828124,Erwin,Sally@zju.edu.cn,1984/2/1,2 3 1
133,524979732,Sherman,5,43,4,1,2022 1 24 17 19 15,-1,Roxanne,13104132234,Griswold,Sherman@zju.edu.cn,1978/9/19,1 2 3
134,541320462,Lucas,5,17,2,0,2022 1 24 17 27 4,-1,Sandra,18534276471,Jacqueline,Lucas@zju.edu.cn,2004/1/7,2 1 3
135,635278315,Loveable,3,26,3,0,2022 1 24 19 33 30,-1,Eldwin,13401445496,Gregory,Loveable@zju.edu.cn,1995/1/29,1 2 3
136,297003064,Veleda,6,57,5,1,2022 1 24 22 44 8,-1,Tiffany,17226934478,Estra,Veleda@zju.edu.cn,1964/12/18,3 2 1
137,641869466,Efrain,7,73,6,0,2022 1 24 23 2 7,-1,Berta,18469309668,Percy,Efrain@zju.edu.cn,1948/2/2,1 2 3
138,649831904,Galvin,4,36,4,2,2022 1 24 23 24 30,-1,Tess,15826366745,Lane,Galvin@zju.edu.cn,1985/3/29,2 1 3
139,656723025,Ella,2,77,7,3,2022 1 24 24 11 51,-1,Herdsman,18529174939,Kyla,Ella@zju.edu.cn,1944/6/5,3 2 1
140,401722970,Eloise,7,18,2,1,2022 1 25 1 5 23,-1,Sterling,17674134730,Zachary,Eloise@zju.edu.cn,2003/8/19,3 1 2
141,409693229,Precious,8,6,1,1,2022 1 25 7 51 41,-1,Marian,15638861933,Lombard,Precious@zju.edu.cn,2015/2/23,1 3 2
142,531865875,Donald,5,44,4,3,2022 1 25 14 35 8,-1,Kerri,16607117193,Rupert,Donald@zju.edu.cn,1977/5/27,2 1 3
143,183038625,Lucille,6,59,5,3,2022 1 25 15 7 21,-1,Quinby,13565068899,Harvester,Lucille@zju.edu.cn,1962/6/22,3 2 1
144,960401307,Katrina,5,70,6,3,2022 1 25 18 14 33,-1,Maxine,19180158994,Nicolette,Katrina@zju.edu.cn,1951/6/21,2 1 3
145,906797686,Egbert,6,56,5,1,2022 1 25 23 10 47,-1,Harriet,18017128764,Evelyn,Egbert@zju.edu.cn,1965/3/15,1 2 3
146,567885903,Stuart,3,53,5,0,2022 1 26 0 2 28,-1,Strawberry,18208331677,Irving,Stuart@zju.edu.cn,1968/4/9,2 3 1
147,189897916,Walter,2,7,1,2,2022 1 26 6 37 33,2022/1/28,Vincent,18077675892,Edmond,Walter@zju.edu.cn,2014/11/27,3 2 1
148,621431484,Bella,1,49,4,2,2022 1 26 10 57 58,-1,Nicole,19129432435,Hayley,Bella@zju.edu.cn,1972/6/2,1 2 3
149,592978301,Red,4,80,7,3,2022 1 26 20 25 35,-1,Zea,15984529379,Donald,Red@zju.edu.cn,1941/9/6,1 2 3
150,925744188,Drake,2,24,3,0,2022 1 26 21 45 23,-1,Henrietta,13591328638,Wenda,Drake@zju.edu.cn,1997/4/18,2 3 1
151,964583162,Garret,3,27,3,2,2022 1 27 9 11 50,-1,Prudent,13139786844,Scott,Garret@zju.edu.cn,1994/7/25,2 1 3
152,795330123,Orva,2,26,3,3,2022 1 27 13 40 15,-1,Torrent,15148179547,Hilda,Orva@zju.edu.cn,1995/12/20,1 2 3
153,148535300,Eunice,7,44,4,0,2022 1 27 15 46 24,-1,Harland,17017016891,Ferdinand,Eunice@zju.edu.cn,1977/7/22,3 2 1
154,294497506,Youthful,2,25,3,3,2022 1 27 18 15 13,-1,Heath,15887776688,Mariner,Youthful@zju.edu.cn,1996/11/8,1 2 3
155,790143929,Tina,3,17,2,3,2022 1 27 24 39 11,-1,Steward,13847044349,Conqueror,Tina@zju.edu.cn,2004/9/4,3 2 1
156,208182889,Soldier,5,23,3,1,2022 1 28 0 46 23,-1,Kenneth,13328271010,Effie,Soldier@zju.edu.cn,1998/4/7,3 1 2
157,657533976,Wilona,2,24,3,1,2022 1 28 1 30 9,-1,Firm,13490893365,Gilroy,Wilona@zju.edu.cn,1997/8/2,1 2 3
158,325588323,Gilroy,4,50,4,2,2022 1 28 3 44 25,-1,Edmund,15177022831,Justin,Gilroy@zju.edu.cn,1971/2/8,1 2 3
159,315338231,Champion,4,33,3,2,2022 1 28 11 0 10,-1,Vandal,13831973274,Orva,Champion@zju.edu.cn,1988/12/5,2 1 3
160,792901640,Herbert,3,14,2,3,2022 1 28 13 52 50,-1,Gardener,15143316476,Edeline,Herbert@zju.edu.cn,2007/6/30,1 2 3
161,626643976,Elvis,7,40,4,1,2022 1 28 14 58 26,-1,Serena,17401786401,Lara,Elvis@zju.edu.cn,1981/3/17,1 2 3
162,400355942,Guide,2,35,3,2,2022 1 28 18 9 24,-1,Forbes,15038734485,Dermot,Guide@zju.edu.cn,1986/1/30,3 1 2
163,537226145,Sandra,6,8,1,2,2022 1 28 19 16 5,-1,Industrious,18742924081,Kate,Sandra@zju.edu.cn,2013/2/24,3 2 1
164,493401652,Healthy,1,24,3,1,2022 1 28 19 42 27,-1,Blessed,13296401680,Heather,Healthy@zju.edu.cn,1997/7/19,3 1 2
165,996641383,Percival,2,12,1,3,2022 1 28 20 49 58,-1,Fairfax,17132677797,Monica,Percival@zju.edu.cn,2009/9/9,2 3 1
166,870862477,Vanessa,3,23,3,3,2022 1 28 24 28 8,-1,Judith,14763299124,Halden,Vanessa@zju.edu.cn,1998/3/9,2 3 1
167,662857240,Thalia,2,56,5,3,2022 1 28 24 37 29,-1,Stephen,19105745327,Loralie,Thalia@zju.edu.cn,1965/10/23,3 2 1
